{
  "project_info": {
    "project_number": "209367989709",
    "project_id": "quizapp-41598",
    "storage_bucket": "quizapp-41598.appspot.com"
  },
  "client": [
    {
      "client_info": {
        "mobilesdk_app_id": "1:209367989709:android:1c3a28a8c0eea79819d884",
        "android_client_info": {
          "package_name": "com.uop.quizapp"
        }
      },
      "oauth_client": [
        {
          "client_id": "209367989709-4vjq8u3epbemgo3fo5u0djkm1t3t6njc.apps.googleusercontent.com",
          "client_type": 3
        }
      ],
      "api_key": [
        {
          "current_key": "AIzaSyDPkmUCR_D_RpdzudhxFO487Bclc8OUti4"
        }
      ],
      "services": {
        "appinvite_service": {
          "other_platform_oauth_client": [
            {
              "client_id": "209367989709-4vjq8u3epbemgo3fo5u0djkm1t3t6njc.apps.googleusercontent.com",
              "client_type": 3
            }
          ]
        }
      }
    }
  ],
  "configuration_version": "1"
}